
{
    "name":"YESSSS",
    "lines":[
        {
            "name":"lINE1",
            "color":{
                "red":0.3019607961177826,
                "green":0.20000000298023224,
                "blue":0.6000000238418579,
                "alpha":1.0
            },
            "x":324.0,
            "y":324.0
        },
        {
            "name":"Yewj2",
            "color":{
                "red":0.7019608020782471,
                "green":0.4000000059604645,
                "blue":0.10196078568696976,
                "alpha":1.0
            },
            "x":0.0,
            "y":0.0
        }
    ],
    "stations":[
        {
            "name":"s2",
            "x":20.0,
            "y":70.0
        },
        {
            "name":"s4",
            "x":113.0,
            "y":288.0
        }
    ]
}